Keyword,Search Volume
inondation cave que faire,110
comment fixer un recuperateur d eau au mur,70
fonctionnement du surpresseur,140
comment fonctionne une pompe de relevage,110
comment mettre de la pression dans un surpresseur,70
marques tracteurs français,260
tracteur carburant,70
augmenter pression eau,390
tracteur francais,320
comment augmenter la pression d'eau dans un tuyau,110
fonctionnement pompe vide cave,70
schema de fonctionnement d'une pompe de relevage,70
pompe piscine fonctionne mais n'aspire plus,140
faut il fixer un recuperateur d'eau au mur,50
pompe gnr libre service,90
reglage pression eau,170
augmenter la pression d eau,320
ou trouver du gnr,110
surpresseur fonctionnement,140
pompe de relevage vinaigre blanc,70
pompe vide cave fonctionnement,70
fixation murale recuperateur d'eau,90
comment fixer un recuperateur d'eau au mur,70
augmenter pression d eau insuffisante,50
pompe de relevage fonctionnement,210
station gnr libre service,90
comment augmenter la pression d'eau,260
augmenter la pression eau,320
tracteur français,170
fonctionnement surpresseur eau,90
comment vider une cuve à fioul sans pompe,90
regler pression eau,70
installation pompe de relevage sous sol,210
réglage pression pompe à eau,70
pression circuit d'eau maison,110
fonction du relais thermique,260
ou trouver du gnr en libre service,70
marque tracteur français,110
probleme de pompe de relevage,70
tracteur marque francaise,70
réglage pression eau maison,90
quelle pression d eau dans une maison,90
marques de tracteurs français,320
role du relais thermique,110
pression d eau dans une maison,110
comment augmenter la pression de l'eau,70
a quoi sert un relais thermique,110
cuve 1000 litres gel hiver,50
fixation recuperateur d'eau,50
marque de tracteur francaise,210
réglage surpresseur,170
pression eau maison 4 bars,480
marque de tracteur ancien français,110
reglage surpresseur,210
fonctionnement pompe de relevage,210
comptabilisation adblue,50
fonction d'un relais thermique,320
probleme pompe de relevage,70
fonction relais thermique,260
relais thermique fonction,320
augmenter pression eau maison,90
ou trouver du gnr en station service,110
tracteur de marque francaise,320
fioul tracteur,50
schéma pompe de relevage,140
comment installer une pompe de relevage pour machine à laver,70
nettoyage cuve eau de pluie enterrée,50
comment augmenter pression eau,50
quel carburant pour un tracteur agricole pour un particulier,70
surpresseur qui se déclenche tout le temps,70
comment installer une pompe de relevage dans un sous-sol,110
pompe de relevage panne,70
comment fonctionne un surpresseur,70
pompe de relevage sous-sol,90
pompe gnr autour de moi,70
marque tracteur francais,260
relais thermique,2400
réserve adblue camion combien de km,110
rouler au rouge astuce,110
carte station gnr,70
relai thermique,320
reglage pression surpresseur,90
role relais thermique,70
relais thermiques,70
comment installer une pompe de relevage dans un sous sol,90
relais thermique fonctionnement,260
marque francaise de tracteur,260
schema installation pompe de surface,170
schéma installation pompe de surface,210
gnr station,90
rouler au gnr,70
cuve fioul enterrée durée vie,110
marque de tracteur français,320
fonctionnement surpresseur,140
surpresseur eau fonctionnement,90
sous sol inondé que faire,70
relais thermique role,110
tracteurs français,90
voyant adblue combien de km,480
tracteur agricole francais,170
surpresseur reglage,210
stockage carburant,50
tracteur français marque,70
remplacer adblue par eau déminéralisée,140
comment augmenter la pression d eau,480
réglage pression surpresseur,90
pression d eau maison,260
a quoi sert le relais thermique,110
pompe de relevage schema,110
augmenter la pression d'eau,260
role d'un relais thermique,140
pompe de relevage probleme,70
symptôme circulateur chaudière hs,320
peut on récupérer l'eau de pluie,70
station service gnr,90
panne pompe de relevage,50
pression d'eau dans une maison,70
ou acheter du gnr,90
calcul hmt,70
pompe a eau tourne mais n'aspire pas,390
station service gnr autour de moi,480
quel pression eau maison,90
pression eau maison,1000
pression eau dans une maison,320
tracteur agricole français,170
pression surpresseur,140
station gnr autour de moi,390
augmenter pression d'eau insuffisante,140
peut on laisser une pompe vide cave dans l'eau,170
fonctionnement pompe de relevage eaux usées,50
fonctionnement pompe eau,50
fonctionnement pompe de relevage eaux pluviales,50
adblue combien de kilometre,210
contrôle réglementaire cuve fioul,50
pompe vider piscine,320
vidange cuve fuel,70
pression d'eau maison,260
a quoi sert un surpresseur,90
carburant tracteur,70
tracteur fabriqué en france,70
où trouver du gnr autour de moi,110
pompe de relevage en panne,70
pression eau maison 2 bars,70
pompe de relevage sous sol,140
cave inondée que faire,140
entretien de pompe de relevage,390
station gnr,260
fonctionnement pompe a eau,50
quelle pression eau maison,110
un surpresseur,70
adblue camion,70
nettoyer pompe de relevage,70
nettoyage pompe de relevage,210
comment nettoyer une pompe de relevage,50
schéma récupération eau de pluie pour wc,140
type de raccord plomberie,110
pompe de relevage eaux usées fonctionnement,50
fioul tracteur,50
inondation sous sol que faire,70
produit nettoyage pompe de relevage,110
nettoyer une pompe de relevage,170
pourquoi mon surpresseur ne tient pas la pression,90
comment régler la pression d'eau,50
adblue tous les combien de km,170
problème pompe à eau maison,90
voyant adblue fiat ducato combien de km,170
adblue combien de km,320
a quoi sert une pompe de relevage,140
station service délivrant du fioul à la pompe,140
relais de protection thermique,70
comment vider l'eau d'une cave sans pompe,50
installer pompe de relevage,90
ma pompe à eau tourne tout le temps,210
vider cuve fioul,140
eau dans une cave,90
kit fixation recuperateur d'eau,210
recuperation tva sur essence,140
pompe de relevage machine a laver,90
pompe de relevage machine à laver,590
fonctionnement pompe à eau,50
inondation cave,110
pompe de relevage pour lave linge,90
réparer flotteur pompe de relevage,110
marques de tracteurs,210
réserve adblue renault t combien de km,140
hauteur manométrique,260
nettoyage cuve,70
pompe à eau qui tourne à vide,90
pompe de relevage pour machine à laver,590
pompe relevage lave linge,50
comment fonctionne une pompe à eau,70
récupération tva essence,390
pompe de relevage pour machine a laver,90
composant adblue,140
cave inondée nappe phréatique,140
cave inondée,140
marque de tracteurs agricoles,110
stockage carburant réglementation,70
gnr dans voiture diesel,90
comment avoir plus de pression dans la douche,90
pompe de relevage pour machine à laver en sous-sol,70
pompe a eau demarre et s'arrete,210
adblue tous les combien de kilomètres,70
pompe relevage machine à laver,210
produit nettoyant pompe de relevage,110
recuperateur eau de pluie resistant au gel,90
vidange cuve fioul,210
pompe pour vider piscine,1300
pompe de relevage pour machine à laver en sous sol,70
recuperer eau de pluie,1000
pompe de relevage lave linge,110
comment installer une pompe de relevage,70
event cuve fioul norme,50
cave inondée que faire,140
reparer flotteur pompe de relevage,90
récupérer de l'eau de pluie,70
pompe de relevage pour sous sol,140
eau dans la cave nappe phréatique,210
combien de km avec adblue,90
réglage pression vessie surpresseur,320
vide sanitaire inondé,210
tracteur carburant,70
hmt pompe,390
installer un recuperateur d eau,50
vidange cuve à fioul,140
augmenter la pression d eau douche,140
hauteur manometrique totale,70
inondation sous sol quoi faire,70
augmenter la pression d'eau douche,140
difference adblue 22241 et 22241-1,140
surpresseur qui se déclenche tout le temps,70
récupérer l'eau de pluie,260
hauteur manométrique totale,70
relais thermique symbole,390
inondation sous-sol quoi faire,50
comment augmenter la pression d'eau sans surpresseur,390
recuperer tva carburant,210
problème surpresseur marche par à coup,90
surpresseur pour augmenter la pression d eau,50
récupération tva sur essence,320
schema recuperation eau de pluie pour wc,170
comment fonctionne une pompe,50
remplacer adblue par urine,390
réglementation cuve fioul intérieur,110
fonction pompe de relevage,210
pourquoi ma pompe à eau ne monte pas en pression,110
adblue tous les combien,110
vide sanitaire cave,70
récupération eau de pluie réglementation,260
gasoil gnr dans voiture,70
hauteur manométrique pompe,110
gnr autour de moi,480
marque de tracteur,1300
pompe puit surpresseur,260
adblue voyant,260
prix adblue en station,320
déduction tva essence,110
pompage vide sanitaire,140
récupération eau de pluie wc,90
tva carburant recuperable,210
combien de temps peut-on rouler sans adblue,90
installer une pompe de relevage,260
urée faible voiture,140
pompe vidange piscine,590
surpresseur pour augmenter la pression d'eau,70
adblue urine,480
eau de pluie toilettes,90
remontée nappe phréatique cave,50
eau dans la cave,90
pressostat surpresseur reglage,140
pompe avec surpresseur pour puit,50
pompe qui aspire l'eau,720
fabricant de tracteurs,50
duree de vie vessie surpresseur,140
gnr dans voiture,90
pompe de puit avec surpresseur,50
comment augmenter la pression de la douche,140
d'ou vient l'urée de l'adblue,260
recuperateur d'eau de pluie resistant au gel,90
recuperation tva essence,390
pompe de relevage drainage,50
installation de pompe de relevage,320
pompe vide piscine,1300
récupération tva carburant,260
quel surpresseur choisir pour une maison,50
difference adblue 22241 et 22241 1,90
contacteur thermique,140
adblue camioane,50
prix litre adblue,210
recuperateur d eau de pluie resistant au gel,90
contrôle réglementaire cuve fioul,50
protection thermique moteur,110
pompe de relevage en panne qui appeler,210
ou trouver du fioul domestique en station service,170
reglage pression vessie surpresseur,210
eau de pluie traitement,210
pompe de relevage fonction,210
vide cave piscine,140
vide piscine,590
norme cuve fioul,110
réglementation récupération eau de pluie,260
installation cuve fioul,70
achat gnr particulier,50
pompe aspirer eau,260
prix au litre adblue,210
toilette eau de pluie,90
surpresseur pompe puit,320
pompe vide sanitaire,170
qu'est ce qu'une pompe de relevage,70
prix du litre adblue,210
pression eau faible,70
pompe vide cave installation,70
pompe de surpression,170
réserve adblue camion combien de km,110
pompe de relevage vide sanitaire,70
gasoil blanc,70
ma pompe ne démarre pas automatiquement,170
pompe pour vidanger une piscine,1000
adblue prix au litre,260
schema alimentation wc eau de pluie,70
pompe vide cave pour piscine,90
pompe de relevage entretien,480
vider piscine avec pompe filtration,260
mon pressostat ne coupe pas la pompe,70
fonctionnement pompe de relevage eaux pluviales,50
qu'est-ce qu'une pompe de relevage,50
pompe vider piscine avec tuyau,140
marque tracteur,1000
pompe de relevage pour vide sanitaire,70
marques tracteurs,70
urine adblue,320
pompe aspire eau,320
inondations maison,260
recuperer l'eau de pluie,140
prix de adblue,70
augmenter pression eau douche,140
inondation dans la maison,320
recuperer l'eau de pluie pour les wc,90
adblue fabrication,90
problème de pompe à eau de puit,50
temoin adblue,140
vider cave,110
comment faire quand on a pas de pression d'eau,90
voyant ad blue,880
pompe pour puit profondeur 8 m,90
debit d'eau reduit,70
recuperer l eau de pluie,170
faut il fixer un recuperateur d'eau au mur,50
quel carburant pour un tracteur agricole pour un particulier,70
arrosage pompe immergée,70
pompe surpresseur pour puit,320
prix de l adblue,260
pompe pour vide sanitaire,140
tracteur marque,1000
pompe à surpression,90
marque tracteurs,720
comment gonfler un ballon surpresseur,70
durée de vie vessie surpresseur,140
combien de km en réserve poids lourd,170
prix adblue a la pompe,90
raccordement de plomberie,110
marque de tracteur agricole,140
prix du litre adblue à la pompe,720
fonctionnement pompe eau,50
adblue composition urine,50
prix ad blue,480
cuve pour pompe de puit,50
prix de l'adblue à la pompe,70
litre adblue,140
pompe eau arrosage,70
eau de pluie pour wc,110
combien de temps peut on rouler sans adblue,90
traitement de l'eau de pluie,140
probleme flotteur pompe de relevage,90
entretien des pompes de relevage,480
tracteurs marques,590
autonomie adblue,140
carburant tracteur,70
prix du litre d'adblue,50
pompe pour arrosage jardin,260
pompe vide cave puissante,170
reglage pressostat surpresseur,170
pompe aspiration eau électrique,70
pompe d'arrosage jardin,70
inondation cave que faire,110
wc eau de pluie,90
fabrication adblue,90
stocker eau de pluie,50
réserve adblue renault t combien de km,140
installation pompe de relevage,320
eau vide sanitaire pas grave,110
prix bidon adblue,170
pompe de relevage pour climatiseur,70
pompe a eau tourne mais n'aspire pas,390
remplacer adblue par eau déminéralisée forum,210
installation d'un surpresseur sur un puit,110
cave inondée quand il pleut,110
prix changement circulateur chaudière,110
eau de pluie pour douche,50
prix adblue station,390
conservation gasoil bidon plastique,70
adblue station prix,90
vider une cave,50
pompes d'arrosage,320
prix adblue au litre,210
qu'est-ce qu'une pompe de relevage,50
eau dans le vide sanitaire,210
fioul de 20 ans,50
pompe a eau arrosage,50
recuperer tva sur essence,320
cave inondée pompe,50
vide sanitaire rempli d'eau,170
inerter une cuve,50
pompe arrosage jardin,260
débit d'eau faible,50
installation pompe de relevage eau de pluie,140
pompe submersible piscine,50
recuperation de l eau de pluie,140
pompe à eau jardin,260
pompe à eau pour arrosage,70
niveau d'urée voiture,110
reglage surpresseur pressostat,140
fabrication adblue,90
pompe de vidange pour piscine,110
vide sanitaire plein d eau,70
pompe pression eau,140
amorcage pompe eau,70
récupérer eau de pluie,320
prix adblue,4400
pompe de surface eau,260
qu'est ce qu'une pompe de relevage,70
pompe a eau pour jardin,90
qu est ce qu une pompe de relevage,70
vide cave pompier,210
pompe à eau arrosage,70
pompe eau jardin,170
eau de pluie toilette,70
transport de carburant réglementation,70
amorcer pompe immergée,50
eau dans la cave qui contacter,90
tva recuperable essence,70
réglage pressostat surpresseur,140
comment degazer une cuve fioul,50
vide sanitaire plein d'eau,110
pourquoi mon surpresseur ne tient pas la pression,90
problème flotteur pompe de relevage,140
pompe a eau pour arrosage,50
eau dans vide sanitaire,260
consommation poids lourd 19t,70
entretien d une pompe de relevage,390
eau de pluie pour la douche,50
recuperation eau de pluie pour wc,70
recuperer eau de pluie pour wc.,70
comment amorcer une pompe de relevage,50
prix adblue à la pompe,590
pompe de relevage pour eau de pluie,110
eau de pluie douche,50
eau de pluie wc,90
comment amorcer une pompe surpresseur,50
problème surpresseur marche par à coup,90
définition pompe de relevage,110
récupération de l'eau de pluie,70
fonctionnement pompe immergée,50
plus de pression d'eau dans toute la maison,110
augmenter pression douche,260
récupération des eaux pluviales,90
prix adblue pompe,480
surpresseur pression,140
panne pompe à eau puits,50
pression reseau eau maison,90
pression d'eau faible,110
eau de pluie pour toilette,70
pompes d arrosage,320
symbole circulateur chauffage,90
marques de tracteur,70
entretien d'une pompe de relevage,390
a quoi sert une pompe a eau,70
jurisprudence vide sanitaire inondé,110
pompe pour arroser le jardin,260
pression d'eau insuffisante,320
voyant adblue,2400
installation surpresseur d'eau domestique,170
maison inondée,390
tous les raccords de plomberie,210
faire remonter de l'eau dans un tuyau,50
recuperateur eau de pluie wc,90
pompe pression eau,140
surpresseur et pompe,1900
problème de pompe à eau de puit,50
entretien pompe relevage,90
infiltration cave,50
fonctionnement pompe immergée avec flotteur,50
installer un récupérateur d'eau,90
pression douche,170
calculer un volume en litre d'une cuve,50
pompe d arrosage jardin,50
récupérer l eau de pluie,70
cave dans vide sanitaire,70
circulateur d'eau,70
interdit de récupérer l'eau de pluie,90
cave vide sanitaire,70
gasoil agricole,70
composition adblue,1900
pompe de relevage vide sanitaire,70
installation pompe vide cave,90
inondation maison,320
pompe de relevage machine à laver brico dépôt,50
stockage adblue,50
pompe a eau pour machine a laver,110
temoin voyant adblue,390
plein adblue,210
conservation adblue,50
pompe de relevage installation,140
eau cave,90
pompe fonctionnement,140
réglage pression eau maison,90
pression pompe eau,110
marques de tracteur agricole,110
pompe d aspiration d eau,110
pompe electrique adblue,110
pompe pour inondation sous-sol,50
relais thermique schéma,170
pression douche faible,90
pompe et surpresseur pour puit,260
installation surpresseur,140
plus de pression dans la douche,90
pompe d arrosage,1000
pompe pour vide sanitaire,140
station essence poids lourds,140
norme adblue,70
pompe aspiration eau,720
tracteur marques,720
gasoil rouge,210
pression d eau,140
crepine pompe eau,140
peut-on utiliser du vieux fioul,90
eau dans cave,90
pompe de surpression d'eau,90
surpresseur pour puit,140
toute les marque de tracteur,110
pompe a eau jardin,90
douche eau de pluie,50
amende rouler au rouge,70
calculer volume cuve,90
toute les marques de tracteur,110
pression d'eau,90
pompe pour vider une piscine,1000
réglage pression pompe à eau,70
recuperer les eaux pluviales,110
adblue composition,2400
hauteur géométrique,90
adblue fabrication,90
pompe pour puit avec surpresseur,70
calcul volume cuve,110
fonctionnement pompe,110
pression eau,320
innondation maison,170
pompe pour aspirer l'eau,110
traitement eau de pluie,210
pompe pour cave inondée,50
interdit recuperer eau de pluie,70
prix adblue total à la pompe,170
volume cuve,110
vider sole,140
melanger gnr et gasoil,110
consommation ad blue,50
comment nettoyer une citerne d'eau en plastique,70
entretien pompe de relevage,480
composition de adblue,70
pompe de jardin,1300
pompe vide cave sans flotteur,260
problème pompe à eau maison,90
pompe relevage eau de pluie,70
composition ad blue,390
fioul à la pompe autour de moi,390
recuperation des eaux de pluies,720
installer recuperateur d'eau,90
pompe de relevage eau de pluie,140
adblue consommation,210
de quoi est composé l'adblue,110
ballon surpresseur pression,50
surpresseur pour augmenter la pression d eau,50
cuve fioul vide,90
prix du litre adblue à la pompe total,140
schéma installation pompe de relevage eaux usées,320
prix changement circulateur chaudiere,70
circulateur chaudiere gaz,170
amorcer pompe à eau,70
adblue corrosif,50
calcul volume eau,110
symbole relais thermique,320
station service poids lourds,210
prix d'un litre d'adblue,70
branchement d une pompe de relevage,90
eau vide sanitaire,210
pompes de jardin,90
inondation cave,110
réglage pressostat surpresseur pdf,90
comment fixer un recuperateur d eau au mur,70
pompe vide sanitaire,170
eau de pluie interdiction,50
carburant rouge,90
ad blue composition,590
pompe qui aspire l'eau,720
gonflage vessie surpresseur,70
prix de l'adblue,210
qu est ce qu une pompe de relevage,70
composants adblue,90
installer recuperateur d eau,70
augmenter pression eau maison,90
sur quoi poser un recuperateur d'eau,110
habiller cuve 1000l,90
comment installer une pompe de relevage pour machine à laver,70
fonctionnement relais,260
pompe d'aspiration,110
bidon adblue prix,50
cave inondée,140
pompe eau pression,110
pompe vide cave piscine,90
manomètre pression eau maison,110
eau pression,260
calculer un volume d eau,50
installation cuve fioul plastique,70
comment fixer un recuperateur d'eau au mur,70
pompe pour jardin,70
calculer un volume d'eau,70
loi recuperation eau de pluie,70
surpresseur eau fonctionnement,90
produit nettoyant pompe de relevage,110
récupération des eaux de pluie réglementation,260
pompe pour arrosage,1000
volume d'eau,210
circulateur de chaudiere,50
fonctionnement d une pompe,140
aspiration de l'eau,50
pompe cave inondée,50
pression réseau eau,140
pompe de relevage pour vide sanitaire,70
pompe à eau avec tuyau,90
adblue plein mais voyant allume,90
pompe de relevage définition,90
installation pompe de relevage eau de pluie,140
amorcer pompe puit,50
a quoi sert la pompe a eau,90
récupération eau de pluie interdite,70
station essence poids lourd,140
amorçage pompe à eau,70
un surpresseur,70
puisard vide sanitaire,90
surpresseur pour augmenter la pression d'eau,70
tva recuperable sur carburant,70
fonction pompe,140
consommation adblue,720
comment fonctionne une pompe à eau,70
composition de l adblue,140
carburant poid lourd,70
produit nettoyage pompe de relevage,110
cuve à fuel enterrée,110
fonction du relais,210
carburant poids lourds,70
comment fonctionne un relais,70
rouler au gnr hdi,70
station gnr agricole,70
circulateur d eau,50
installer recuperateur eau,170
station-service poids lourds,110
récupération des eaux de pluie,880
voyant adblue combien de km,480
les raccord,110
pompe arrosage,1300
vide-cave pompier,140
ma pompe à eau tourne tout le temps,210
pompe inondation cave,50
pompe de relevage bruit en continue,90
augmenter pression pommeau douche,170
gnr definition,90
pompage vide sanitaire,140
pompe aspire eau,320
cuve fuel enterrée,90
adblue toxique,70
carburant poids lourd,70
adblue pompe ou bidon,50
circulateur eau,70
relais fonctionnement,210
neutralisation cuve fioul sable ou béton,50
cuve pour gnr,210
adblue consommation diesel,70
pression reseau eau,140
eau de pluie récupération,880
stockage essence,70
adblue iso 22241 1,50
gnr fuel,70
récupération eau de pluie interdit,70
pompe piscine intex fonctionne mais n'aspire plus,90
recuperation eaux pluviales,110
station essence poid lourd,140
pompe de relevage eaux pluviales,1000
couleur gnr,70
pression eau réseau,140
augmenter pression d eau insuffisante,50
pompe adblue prix,480
pompe de drainage,90
eau dans cave,90
panne pompe à eau puits,50
calcul volume d'eau,170
ad blue prix,2900
gonfler vessie surpresseur,70
récupérer eaux de pluie,210
moteur surpresseur,50
habillage cuve 1000l,210
station fioul autour de moi,90
recuperation des eaux de pluie,140
pompe de relevage pour clim,210
pompe eau potable,70
recuperation eau pluviale,50
comment fonctionne un surpresseur,70
fonction relais,260
comment recuperer l'eau de pluie,90
cuve fioul enterrée durée vie,110
interdiction de recuperer l eau de pluie,90
pompe vide cave gros debit,70
amplificateur de pression d'eau,110
tva déductible essence,110
recuperation eau de pluie amende,70
recuperation des eaux pluviales,70
regler pression eau,70
pourquoi ma pompe à eau ne monte pas en pression,110
eau dans la cave quand il pleut,140
recup eau de pluie,70
composition de l'adblue,260
recuperation tva sur carburant,210
pression de l'eau,260
volume eau,90
pompe surpresseur puit,260
comment est fait l'adblue,50
eau de pluie utilisation,140
raccordement pompe de relevage,110
essence tva,880
pompe de relevage eau pluviale,70
gazole rouge,110
eau dans la cave,90
installation pompe de relevage eaux usées wc,260
relier 2 cuves de 1000l,50
comment récupérer l'eau de pluie,110
debit eau maison,110
comment dégazer une cuve à fioul,70
habillage recuperateur d'eau 1000l,90
récupération eau de pluie,1000
hmt,720
pompe relevage eaux pluviales,70
déductibilité tva essence,110
augmenter pression d'eau insuffisante,140
interdiction récupérer eau de pluie,110
mon pressostat ne coupe pas la pompe,70
pompe a eau demarre et s'arrete,210
calcul pression eau hauteur,70
utilisation de l'eau de pluie,140
fonctionnement d'un relais,70
fonctionnement d un relais,70
recuperer tva sur carburant,90
pompes de surface,210
fonctionnement surpresseur eau,90
tva sur l'essence,140
pompe cave inondée,50
fonction d'un relais,170
pompe d'arrosage,1000
pompe vide-cave,140
maison neuve eau dans vide sanitaire,70
récupération eaux pluviales,90
recuperateur eau pluviale,260
fonctionnement pompe à eau,50
eau de pluie wc sans pompe,110
pompe à aspiration,170
degazage cuve fuel,480
quand remettre de l adblue,70
nettoyer reservoir gasoil,210
recuperation tva carburant 2024,70
réglage pressostat surpresseur,140
peut on mélanger fioul et gasoil voiture,170
comment nettoyer une cuve à fioul,110
norme adblue,70
adblue combien de km,320
interdiction de recuperer l'eau de pluie,140
fioul agricole,90
schema installation pompe de surface,170
pompe de relevage pour machine à laver en sous-sol,70
pompe pour vider une cave,110
cuve et pompe de relevage,140
recuperation tva carburant,70
fioul rouge,110
essence tva deductible,50
pompe de relevage pour eaux pluviales,50
stockage carburant,50
nettoyage cuve fuel,110
récupération des eaux,70
nettoyage reservoir diesel,90
différente qualité adblue,70
deduction tva carburant,320